{
  "Addison Road-Seat Pleasant": "Addison Road",
  "Achives-Navy Memorial-Penn Quarter":"Archives",
  "Ballston-MU": "Ballston",
  "Brookland-CUA": "Brookland",
  "College Park-U of MD": "College Park",
  "Dunn Loring-Merrifield": "Dunn Loring",
  "Federal Center SW": "Federal Center",
  "Foggy Bottom-GWU": "Foggy Bottom",
  "Franconia-Springfield": "Franconia Springfield",
  "Gallery Pl-Chinatown": "Gallery Place",
  "Georgia Ave-Petworth": "Georgia Ave",
  "Grosvenor-Strathmore": "Grosvenor Strathmore",
  "King St-Old Town": "King Street",
  "Mt Vernon Sq 7th St-Convention Center": "Mount Vernon Square",
  "Navy Yard-Ballpark": "Navy Yard Ballpark",
  "NoMa-Gallaudet U": "Noma",
  "Rhode Island Ave-Brentwood": "Rhode Island Ave",
  "Shaw-Howard U": "Shaw",
  "Stadium-Armory": "Stadium Armory",
  "Tenleytown-AU": "Tenleytown",
  "U Street\/African-Amer Civil War Memorial/Cardozo": "U Street",
  "Van Ness-UDC": "Van Ness",
  "Vienna\/Fairfax-GMU": "Vienna",
  "Virginia Square-GMU": "Virginia Square",
  "West Falls Church-VT\/UVA": "West Falls Church",
  "Wiehle-Reston East": "Wiehle Reston East",
  "Woodley Park-Zoo\/Adams Morgan": "Woodley Park Zoo"
}
